AA_pair,lambda
R-K,-1.6419926625856442
R-Q,-0.3956238957063192
R-E,0.8203897405733908
R-D,1.2764472449182016
R-N,-0.006789120576676118
R-H,-0.5008650040823773
R-S,-0.21937211886167987
R-T,-0.031154683731820194
R-A,0.04856869613451402
R-V,0.19453216305129173
R-I,0.15042714541375982
R-L,0.1161101898961224
R-M,-0.5224556921359015
R-P,2.417345576766959
R-G,0.3583340835559552
R-Y,0.25798796655542694
R-F,0.4658609022050569
R-W,0.46985617275176234
R-C,0.07224134615295934
K-R,-2.765771836826112
K-Q,-1.669786329465879
K-E,-0.9742237270468311
K-D,-0.07317088243050976
K-N,-1.2441475897184615
K-H,-1.5873635653933515
K-S,-1.3269268986966904
K-T,-1.2967652176190707
K-A,-1.5663920754995895
K-V,-0.9525383172715879
K-I,-0.8878651436149502
K-L,-0.9179570321245015
K-M,-1.4184249259913169
K-P,1.152364202590976
K-G,-0.4680097373662286
K-Y,-0.7860541488091393
K-F,-0.6552320809519138
K-W,-0.2755487042406864
K-C,-0.822245146053509
Q-R,-1.2017391637820558
Q-K,-1.5361175573147476
Q-E,-1.6033756813366862
Q-D,-0.5167452445505686
Q-N,-1.4002247344214596
Q-H,-1.5854727967564672
Q-S,-1.597041837625351
Q-T,-1.3907528684869779
Q-A,-1.827663731684163
Q-V,-1.1433548962898712
Q-I,-1.037269758675416
Q-L,-1.04466873585069
Q-M,-2.092257673008083
Q-P,1.0141149324486218
Q-G,-0.6365446213525212
Q-Y,-0.8840532413464013
Q-F,-0.9284779685331044
Q-W,-0.6877955038020358
Q-C,-1.2488938775289407
E-R,0.0070274949407146715
E-K,-0.7457927117505818
E-Q,-1.7780426883222942
E-D,-1.7008107221631945
E-N,-1.0309790694903223
E-H,-0.9234753222900512
E-S,-1.097090176461597
E-T,-1.0180285906317381
E-A,-1.3202654843695607
E-V,-0.8854979809801521
E-I,-0.5752670004436174
E-L,-0.44528660572241757
E-M,-1.1784682786592255
E-P,1.1070873037006717
E-G,-0.9206540582040521
E-Y,-0.6421498172146871
E-F,-0.4028228635722695
E-W,-0.2899637190288807
E-C,-0.6797225833538635
D-R,0.7379936349949516
D-K,0.2467025691770865
D-Q,-0.5521374357346666
D-E,-1.3944600031539556
D-N,-1.1916821987045505
D-H,-0.7170983973532989
D-S,-0.9416255893805051
D-T,-0.23912363746530785
D-A,-0.5041465336808545
D-V,0.28286551865201875
D-I,0.5846452082469954
D-L,0.644355414863414
D-M,-0.24722363922546262
D-P,1.3205114413973507
D-G,-0.3373444606962179
D-Y,-0.06151976470139353
D-F,0.4894778979752753
D-W,0.30043879787877487
D-C,-0.27000434334078227
N-R,-0.4970004456924282
N-K,-1.1058666294125608
N-Q,-1.4770232508113086
N-E,-0.7268413847098028
N-D,-1.4678286549092867
N-H,-1.3270347553977775
N-S,-2.0599471145018264
N-T,-1.1656687509105728
N-A,-1.2973158615475717
N-V,-0.29522259943223916
N-I,-0.11726351176424277
N-L,-0.26285295880648807
N-M,-1.1331621373969532
N-P,1.3396395438076398
N-G,-0.9199325673282986
N-Y,-0.5136385998717771
N-F,-0.20171641593935846
N-W,-0.2687879698884149
N-C,-0.9138333129628653
H-R,-0.2624737919708176
H-K,-0.22301747559009455
H-Q,-0.9786121915753917
H-E,0.0176133325170417
H-D,-0.08404242694887389
H-N,-0.9784958226204101
H-S,-0.5873141705604483
H-T,-0.3456905066866254
H-A,-0.5449974669030063
H-V,0.09722592225938198
H-I,0.17043593466584747
H-L,0.17779721558024128
H-M,-0.6717815569139629
H-P,1.6029198488054488
H-G,0.3472281947152124
H-Y,-1.125018222539117
H-F,-0.7461506293026802
H-W,-0.45753105448763115
H-C,-0.2736986066683034
S-R,-0.21790895424146361
S-K,-0.4874295894087427
S-Q,-1.0755665113856463
S-E,-0.5740727267278458
S-D,-0.47008933244790047
S-N,-1.6195948385336618
S-H,-1.0136964147763392
S-T,-1.9859381647715502
S-A,-2.0584559156517286
S-V,-0.6126938180616053
S-I,-0.4157356353997924
S-L,-0.20692427150296094
S-M,-1.0402782520348273
S-P,0.5760347134705109
S-G,-1.558412499156259
S-Y,-0.5311061983704845
S-F,-0.4599380003192138
S-W,-0.07705686638378943
S-C,-1.2939487329410375
T-R,0.11404419788050832
T-K,-0.332746460255664
T-Q,-0.7287851710487923
T-E,0.02526064004817063
T-D,0.3016330735287068
T-N,-0.9539687559695756
T-H,-0.3650188779721192
T-S,-2.2158878550227232
T-A,-1.5061356357537146
T-V,-1.3340523683675871
T-I,-1.1173772669593085
T-L,-0.4102880068170134
T-M,-1.1835415096883213
T-P,1.296986578588012
T-G,-0.2577130761460052
T-Y,-0.21699630541765175
T-F,-0.15724194513891573
T-W,0.06767138285548219
T-C,-1.2491657022392317
A-R,0.9095646884471784
A-K,0.3392566504218145
A-Q,-0.06130970507174611
A-E,0.23444855739369796
A-D,0.451919212163116
A-N,-0.09208163471167816
A-H,0.05964258737910625
A-S,-1.9201270697666333
A-T,-1.3127138652099346
A-V,-1.2470196554361712
A-I,-0.16876734176098726
A-L,0.18949730416278462
A-M,-0.8285905418380887
A-P,1.1887508678256515
A-G,-1.159146757788897
A-Y,0.1420403689815971
A-F,0.2504423549403314
A-W,0.3514780450768973
A-C,-1.2131203690252126
V-R,2.170959773782138
V-K,1.4975586495923872
V-Q,0.9948925300457072
V-E,1.364050358836532
V-D,1.8315525543905147
V-N,1.1173271514334913
V-H,1.1770234577890162
V-S,0.5812642025675915
V-T,-0.9112999714386527
V-A,-0.9127679465792042
V-I,-2.6423250345859604
V-L,-1.101677753708303
V-M,-0.8413865286621237
V-P,2.432829651247814
V-G,1.4111370402279275
V-Y,0.7956411474416463
V-F,0.13442665224491504
V-W,0.9717243113131251
V-C,-1.066702334329903
I-R,2.4255615754560678
I-K,1.6610742510754681
I-Q,1.0100843861766993
I-E,1.8997690887995613
I-D,2.3889552394589284
I-N,0.9678620016669914
I-H,1.2790758399576916
I-S,0.989554618305214
I-T,-0.5713382159742344
I-A,0.3710651540034555
I-V,-2.9226201198053388
I-L,-2.079090070165403
I-M,-1.6698299929503642
I-P,3.00937689803348
I-G,1.9158295269972039
I-Y,0.8235159942138711
I-F,-0.24300242626713603
I-W,0.9908502980128648
I-C,-0.5121169996107673
L-R,1.9974434769275087
L-K,1.6650407137528414
L-Q,0.8232773392707532
L-E,1.6827737807767293
L-D,2.2314899120648723
L-N,1.3827104725426884
L-H,1.001892102783467
L-S,1.0003892391029368
L-T,0.32568547497019396
L-A,0.37093984588002216
L-V,-1.3514497286202587
L-I,-1.8472404453107685
L-M,-1.754399459996446
L-P,2.243899567099207
L-G,1.9219066287619786
L-Y,0.5537467619713302
L-F,-0.7670872803447778
L-W,0.7452439393900543
L-C,-0.3025119908410782
M-R,1.3773621927758681
M-K,0.417878761245468
M-Q,0.05891091035373294
M-E,1.3018387634199722
M-D,1.8576367780170695
M-N,0.6803535438574819
M-H,0.9214221430687175
M-S,0.5326336947371205
M-T,-0.6101061559932779
M-A,-0.1418999281225813
M-V,-1.132399269714262
M-I,-1.314548129438621
M-L,-1.900888455031321
M-P,3.0339478410111482
M-G,1.2318730316330102
M-Y,0.48985945971302153
M-F,-0.20746924650658877
M-W,1.0279986355974253
M-C,-0.4343118060195112
P-R,0.43456750411460265
P-K,-0.10522821111257227
P-Q,-0.22215731192045993
P-E,0.13846980567707917
P-D,0.3090757942725748
P-N,-0.23966589134721833
P-H,0.016068874731107324
P-S,-0.6219275529329694
P-T,-0.3280180931194449
P-A,-0.9303134088912225
P-V,-0.438392123748153
P-I,0.02643123795929552
P-L,0.2646878638633822
P-M,-0.3504792915620269
P-G,-0.16174837874928016
P-Y,0.3312202249042819
P-F,0.3303163757568457
P-W,0.5478086674570106
P-C,-0.36739681500747146
G-R,0.7621878919663815
G-K,0.8092310162849499
G-Q,0.3841108580288844
G-E,0.4342206657044591
G-D,0.45755042980720667
G-N,0.16210563065594186
G-H,0.4246956183189467
G-S,-0.3853985560267772
G-T,0.6970394160992901
G-A,-0.5880865158699379
G-V,0.9539406229755277
G-I,1.621428327128718
G-L,1.3252962231237648
G-M,0.29350877558249033
G-P,2.0229749740363485
G-Y,0.9007498151629386
G-F,0.9458314623156308
G-W,1.082034736417874
G-C,0.34520323043184453
Y-R,2.1328663908687044
Y-K,1.842114881413303
Y-Q,1.245348895597434
Y-E,2.1929993516837083
Y-D,1.7753748293143823
Y-N,0.9775279406527617
Y-H,-0.4033708764384885
Y-S,1.2266650944773374
Y-T,1.2708624641893727
Y-A,1.0363984756924378
Y-V,0.8104657349293636
Y-I,0.7945508093706343
Y-L,0.6425404050303751
Y-M,-0.03317347291935079
Y-P,3.777062892965457
Y-G,2.363723044836628
Y-F,-1.8114415367365146
Y-W,-0.5533833637087566
Y-C,0.4803055766062541
F-R,3.0636854511492415
F-K,2.437700818317958
F-Q,1.7074535212727566
F-E,2.717262054992639
F-D,2.8818569734064945
F-N,1.7456971207269456
F-H,0.9303043560124495
F-S,1.370706780088336
F-T,1.485995903641546
F-A,1.2291818717362049
F-V,0.4704808334642513
F-I,0.2648187935895072
F-L,-0.36161775505611615
F-M,-0.5456951247596845
F-P,3.6147848458146443
F-G,2.4240727612494832
F-Y,-1.050590993859413
F-W,-0.40830513772019766
F-C,0.38633483012509695
W-R,2.455023986156962
W-K,3.036206467080011
W-Q,2.536257315666765
W-E,2.9292833513516627
W-D,3.3017187993797354
W-N,2.527599372595099
W-H,1.8734714505108307
W-S,2.3740168213545103
W-T,3.21574881840764
W-A,2.5439676086902403
W-V,2.1088881914128916
W-I,1.8530676205272905
W-L,1.4259720255283184
W-M,0.8457298949129782
W-P,4.209196467394879
W-G,2.6879217397749353
W-Y,-0.007128825722996463
W-F,-0.4136118191864726
W-C,1.5143108831106364
C-R,2.2906221295508975
C-K,2.499374001491862
C-Q,1.9731051505259622
C-E,2.521152502653511
C-D,2.591820221031488
C-N,1.6553327429182787
C-H,2.378243709834305
C-S,0.6883018587579052
C-T,0.9336834902398314
C-A,0.4010353372749452
C-V,1.0078131928517928
C-I,1.2848069467569458
C-L,1.3900530828037976
C-M,0.6791990815780516
C-P,3.716139851509831
C-G,1.518539790209443
C-Y,1.0522040028700221
C-F,0.9145077207648771
C-W,1.8359931363523794
